reducedByPercent,MSEValue,RMSEValue,MAEValue
0.1,1.104964936817492,1.0511731240939772,0.7837493462094447
0.2,1.2634354286754559,1.1240264359326502,0.836642808242065
0.3,1.1246202475774643,1.0604811396613634,0.8016214525075589
0.4,1.2555182756196177,1.1204991189731555,0.8433783077718369
0.5,1.2893533101334842,1.1354969441321647,0.8514456050301185