reducedByPercent,MSEValue,RMSEValue,MAEValue
0.1,1.2167561689246666,1.1030667110037664,0.8271410730528673
0.2,1.2473646049760065,1.1168547824028003,0.8417879062853736
0.3,1.1913929465468487,1.0915094807407073,0.8269229148780889
0.4,1.30156445033143,1.1408612756735281,0.850493867120575
0.5,1.3248836382344793,1.1510358978913209,0.8579338687609482