reducedByPercent,MSEValue,RMSEValue,MAEValue
0.1,1.1834303049745396,1.0878558291311122,0.8573346920826272
0.2,1.12972015610454,1.0628829456269115,0.7932530795748809
0.3,1.1843366355900151,1.0882723168352741,0.8097743950416966
0.4,1.4024837164557002,1.184265053294954,0.875365866321316
0.5,1.3035093544379202,1.141713341622108,0.8221881169098153