reducedByPercent,MSEValue,RMSEValue,MAEValue
0.1,NaN,NaN,NaN
0.2,0.11123831788476639,0.3335240889122799,0.3014682646500242
0.3,NaN,NaN,NaN
0.4,0.034320184344054164,0.18525707636701536,0.1729803270392093
0.5,1.0985109005399334,1.0480987074412091,0.804957505973741