reducedByPercent,MSEValue,RMSEValue,MAEValue
0.1,1.352297072364708,1.162883086283702,0.8988984119305139
0.2,1.3910583442102396,1.1794313647729737,0.9008108306951202
0.3,1.3669141247123793,1.1691510273323884,0.9047425744958868
0.4,1.3284912478812125,1.1526019468494804,0.8985737275958527
0.5,1.408516925870628,1.1868095575409847,0.9277188031969942