reducedByPercent,MSEValue,RMSEValue,MAEValue
0.1,1.080520572430587,1.0394809148948272,0.7578835974129617
0.2,1.2637276848165282,1.1241564325379845,0.8613231929508058
0.3,1.1976302881119216,1.094362959950638,0.8518476571515825
0.4,1.3124092618862524,1.1456043216949963,0.8800637510003628
0.5,1.2939172271706705,1.1375048251197313,0.8710637874547994