reducedByPercent,MSEValue,RMSEValue,MAEValue
0.1,1.1512186608060038,1.0729485825546365,0.8044449965244882
0.2,1.199886896383371,1.0953934892920312,0.8261705473717618
0.3,1.1506665198391641,1.0726912509381086,0.8110046884359916
0.4,1.3200783318526401,1.148946618365118,0.8563567023052834
0.5,1.3104075328117617,1.1447303319174178,0.858262097662219