reducedByPercent,MSEValue,RMSEValue,MAEValue
0.1,1.2071288745669155,1.0986941678951954,0.8732844472763587
0.2,1.452564766763786,1.205223948801129,0.939697341179012
0.3,1.3877672288644831,1.1780353258134848,0.9150441139013898
0.4,1.4038660176857933,1.1848485209873005,0.9269140130767727
0.5,1.581687310751467,1.257651506082455,0.9691794479649051