reducedByPercent,MSEValue,RMSEValue,MAEValue
0.1,1.1817449581167438,1.0870809344831431,0.8183271578288689
0.2,1.258980212052864,1.1220428744272046,0.8429197380041715
0.3,1.1453979051221543,1.07023264065443,0.8074957279512809
0.4,1.2524417620493113,1.1191254451799904,0.8448096209448032
0.5,1.2836673050364806,1.1329904258361942,0.8549838859579322