reducedByPercent,MSEValue,RMSEValue,MAEValue
0.1,NaN,NaN,NaN
0.2,0.30982008579174813,0.5566148451054357,0.4083525787090644
0.3,2.4590365485349284,1.5681315469484467,1.5681315469484467
0.4,0.5998233163298746,0.7744826120255216,0.5982497066765294
0.5,1.455124980034781,1.2062856129602064,0.9195291347917699