reducedByPercent,MSEValue,RMSEValue,MAEValue
0.1,0.779409455820631,0.8828416935219083,0.676959118920543
0.2,0.8878172998392039,0.9422405742904536,0.709244871735087
0.3,0.9014487846943734,0.9494465675825962,0.7178693683940691
0.4,0.9482723252188574,0.9737927527040122,0.7277511338512894
0.5,1.0613897294467758,1.0302377053121168,0.7575691554802418