reducedByPercent,MSEValue,RMSEValue,MAEValue
0.1,1.1759243843039209,1.0844004722905283,0.8180663988819541
0.2,1.2297326383182683,1.1089331081351428,0.8376343570796727
0.3,1.1970910543948772,1.0941165634405126,0.829524665497458
0.4,1.2840231226441932,1.1331474408232114,0.8484949051810071
0.5,1.3851980127378323,1.1769443541382203,0.8748561269910826