reducedByPercent,MSEValue,RMSEValue,MAEValue
0.1,1.179770449729753,1.086172384904787,0.8119576476046374
0.2,1.3642756179549855,1.1680220965182917,0.8680976841208066
0.3,1.2679995612754016,1.1260548660147078,0.8534544133113822
0.4,1.3156549753202895,1.1470200413769105,0.8569443788987027
0.5,1.3745225140011754,1.1724003215630638,0.874454063441846