reducedByPercent,MSEValue,RMSEValue,MAEValue
0.1,1.216758955523291,1.103067974117321,0.8226899814733099
0.2,1.2031098165561096,1.096863627146105,0.8288824484597701
0.3,1.1891517058227516,1.0904823271482906,0.8231534229695218
0.4,1.3007497580439156,1.1405041683588515,0.8478861602482588
0.5,1.3054583297944533,1.142566553770262,0.8532296165436084