reducedByPercent,MSEValue,RMSEValue,MAEValue
0.1,NaN,NaN,NaN
0.2,0.24393205141260033,0.4938947776729375,0.4573727977636265
0.3,1.6908658435236028,1.3003329740968668,1.3003329740968668
0.4,0.4114358085619984,0.6414326219970407,0.48843369089940925
0.5,1.0428137675726405,1.0211825339147946,0.8051191995382674