reducedByPercent,MSEValue,RMSEValue,MAEValue
0.1,0.8485755219933273,0.9211815901293986,0.7009561670965231
0.2,0.946550937587704,0.9729084939436514,0.7307943335132627
0.3,1.0015491109534274,1.0007742557407378,0.7721248184750296
0.4,1.0071498218035628,1.003568543649891,0.7695925444907458
0.5,1.1031492893280885,1.0503091398860092,0.794897982107567