reducedByPercent,MSEValue,RMSEValue,MAEValue
0.1,1.2057249676634174,1.0980550840752104,0.8202878082487061
0.2,1.33567230962461,1.1557129010375413,0.8611572728276091
0.3,1.2336274480203118,1.1106878265382725,0.8451014806859841
0.4,1.3178954492138133,1.1479962757839475,0.8574374857401381
0.5,1.4011922592955721,1.1837196709084343,0.8758560802291132