reducedByPercent,MSEValue,RMSEValue,MAEValue
0.1,1.36716512351512,1.1692583647402828,0.9032266927118741
0.2,1.405594582733552,1.1855777421719556,0.926239070399523
0.3,1.5043538862476982,1.226521050063022,0.9402542057667007
0.4,1.6539667137439753,1.2860663722156704,1.0067563549299368
0.5,1.5308349673728412,1.2372691572058365,0.9478342087032569