reducedByPercent,MSEValue,RMSEValue,MAEValue
0.1,1.3811145008700059,1.175208279782782,0.895510975278375
0.2,1.33349262851561,1.154769513156461,0.8644295534601529
0.3,1.3207868339387738,1.1492549038132376,0.8730673422326818
0.4,1.2946533111443317,1.1378283311397777,0.8600607919607107
0.5,1.364294824073054,1.1680303181309353,0.8946908876631295