predicted,real,reducedByNumber,reducedByPercent,MSEValue,RMSEValue,MAEValue
2.944139927196128,2.5,1.2000000000000002,0.2,0.19726027492978201,0.44413992719612816,0.44413992719612816
2.635672299320883,2.5,2.4000000000000004,0.4,0.013414951343052227,0.11582293098973202,0.11372441036808101
3.591776521415279,3.5,2.4000000000000004,0.4,0.013414951343052227,0.11582293098973202,0.11372441036808101
2.69331043014414,2.5,3.0000000000000004,0.5,0.33570043114752673,0.5793966095409316,0.4256660980976257
3.604498143488013,3.5,3.0000000000000004,0.5,0.33570043114752673,0.5793966095409316,0.4256660980976257
2.020810279339276,3.0,3.0000000000000004,0.5,0.33570043114752673,0.5793966095409316,0.4256660980976257