predicted,real,reducedByNumber,reducedByPercent,MSEValue,RMSEValue,MAEValue
3.5600589014497994,2.5,1.2000000000000002,0.2,1.1237248745429556,1.0600589014497994,1.0600589014497994
3.5037290877614558,2.5,2.4000000000000004,0.4,0.7975550956268993,0.8930594020707129,0.8851523305487075
2.733424426664041,3.5,2.4000000000000004,0.4,0.7975550956268993,0.8930594020707129,0.8851523305487075
3.420435310891199,2.5,3.0000000000000004,0.5,0.4605212124473124,0.6786171324445858,0.6424411117492128
2.879400687023326,3.5,3.0000000000000004,0.5,0.4605212124473124,0.6786171324445858,0.6424411117492128
3.3862887113797657,3.0,3.0000000000000004,0.5,0.4605212124473124,0.6786171324445858,0.6424411117492128