predicted,real,reducedByNumber,reducedByPercent,MSEValue,RMSEValue,MAEValue
3.8003329740968668,2.5,1.2000000000000002,0.30000000000000004,1.6908658435236028,1.3003329740968668,1.3003329740968668
3.174982245968416,3.0,2,0.5,1.5405769310533932,1.2411997949779854,0.9607801753177745
4.246578104667133,2.5,2,0.5,1.5405769310533932,1.2411997949779854,0.9607801753177745
